{"cameraMode":{"drawMode":0,"name":"Shaded","section":"Shading Mode"},"sceneLighting":false,"audioPlay":false,"sceneViewState":{"m_AlwaysRefresh":false,"showFog":true,"showSkybox":false,"showFlares":true,"showImageEffects":true,"showParticleSystems":true,"showVisualEffectGraphs":true,"m_FxEnabled":true},"in2DMode":false,"pivot":{"x":-0.6149999499320984,"y":13.254500389099121,"z":0.4056500196456909},"rotation":{"x":-0.06688277423381806,"y":0.8079125285148621,"z":-0.5779967308044434,"w":-0.09348968416452408},"size":10.372751235961914,"orthographic":true}