{"cameraMode":{"drawMode":0,"name":"Shaded","section":"Shading Mode"},"sceneLighting":false,"audioPlay":false,"sceneViewState":{"m_AlwaysRefresh":false,"showFog":true,"showSkybox":false,"showFlares":true,"showImageEffects":true,"showParticleSystems":true,"showVisualEffectGraphs":true,"m_FxEnabled":true},"in2DMode":false,"pivot":{"x":-1.1920928955078126e-7,"y":0.7391632199287415,"z":0.6700714826583862},"rotation":{"x":0.011999604292213917,"y":-0.005685474723577499,"z":0.00007635115616722032,"w":0.9999487996101379},"size":3.288715362548828,"orthographic":false}