{"cameraMode":{"drawMode":0,"name":"Shaded","section":"Shading Mode"},"sceneLighting":false,"audioPlay":false,"sceneViewState":{"m_AlwaysRefresh":false,"showFog":true,"showSkybox":false,"showFlares":true,"showImageEffects":true,"showParticleSystems":true,"showVisualEffectGraphs":true,"m_FxEnabled":true},"in2DMode":false,"pivot":{"x":-0.1561211347579956,"y":0.8745492100715637,"z":3.1384572982788088},"rotation":{"x":-0.020972363650798799,"y":0.9435997009277344,"z":0.06094842776656151,"w":0.3247886300086975},"size":1.3185806274414063,"orthographic":true}