{"cameraMode":{"drawMode":0,"name":"Shaded","section":"Shading Mode"},"sceneLighting":false,"audioPlay":false,"sceneViewState":{"m_AlwaysRefresh":false,"showFog":true,"showSkybox":false,"showFlares":true,"showImageEffects":true,"showParticleSystems":true,"showVisualEffectGraphs":true,"m_FxEnabled":true},"in2DMode":false,"pivot":{"x":0.06309998035430908,"y":0.13253001868724824,"z":-0.10430002212524414},"rotation":{"x":0.011999604292213917,"y":-0.005685474723577499,"z":0.00007635115616722032,"w":0.9999487996101379},"size":1.213236689567566,"orthographic":false}