{"cameraMode":{"drawMode":0,"name":"Shaded","section":"Shading Mode"},"sceneLighting":false,"audioPlay":false,"sceneViewState":{"m_AlwaysRefresh":false,"showFog":true,"showSkybox":false,"showFlares":true,"showImageEffects":true,"showParticleSystems":true,"showVisualEffectGraphs":true,"m_FxEnabled":true},"in2DMode":false,"pivot":{"x":-0.0002365410327911377,"y":0.5490904450416565,"z":-0.001088172197341919},"rotation":{"x":-0.016225935891270639,"y":0.9820539355278015,"z":-0.15898707509040833,"w":-0.10022483766078949},"size":4.849409580230713,"orthographic":true}