{"cameraMode":{"drawMode":0,"name":"Shaded","section":"Shading Mode"},"sceneLighting":false,"audioPlay":false,"sceneViewState":{"m_AlwaysRefresh":false,"showFog":true,"showSkybox":false,"showFlares":true,"showImageEffects":true,"showParticleSystems":true,"showVisualEffectGraphs":true,"m_FxEnabled":true},"in2DMode":false,"pivot":{"x":0.11959999799728394,"y":13.571698188781739,"z":0.5982984304428101},"rotation":{"x":-0.016225935891270639,"y":0.9820539355278015,"z":-0.15898707509040833,"w":-0.10022483766078949},"size":16.8281307220459,"orthographic":true}